,Nutrients,Descriptions
0,Protein (g),
1,Water (g),
2,"Fiber, total dietary (g)",
3,"Vitamin A, RAE (mcg_RAE)",
4,Thiamin (mg),
5,Riboflavin (mg),
6,Niacin (mg),
7,Vitamin B-6 (mg),
8,Vitamin B-12 (mcg),
9,"Folate, total (mcg)",
10,Vitamin C (mg),
11,Calcium (mg),
12,Iron (mg),
13,Magnesium (mg),
14,Potassium (mg),
15,Sodium (mg),
16,Zinc (mg),
17,Energy (kcal),
18,Total Fat (g),
19,"Fatty acids, total saturated (g)",
20,"Fatty acids, total monounsaturated (g)",
21,"Fatty acids, total polyunsaturated (g)",
22,Cholesterol (mg),
23,Vitamin D (D2 + D3) (mcg),
24,Carbohydrate (g),
