﻿column,description
SEQN,Respondent sequence number.
RIAGENDR,Gender of the participant.
RIDAGEYR,Age in years of the participant at the time of screening. Individuals 80 and over are topcoded at 80 years of age.
WTDRD1,Dietary day one sample weight
WTDR2D,Dietary two-day sample weight
DR1TNUMF,Total number of foods/beverages reported in the individual foods file
DR1TKCAL,Energy (kcal)
DR1TPROT,Protein (gm)
DR1TCARB,Carbohydrate (gm)
DR1TSUGR,Total sugars (gm)
DR1TFIBE,Dietary fiber (gm)
DR1TTFAT,Total fat (gm)
DR1TSFAT,Total saturated fatty acids (gm)
DR1TMFAT,Total monounsaturated fatty acids (gm)
DR1TPFAT,Total polyunsaturated fatty acids (gm)
DR1TCHOL,Cholesterol (mg)
DR1TATOC,Vitamin E as alpha-tocopherol (mg)
DR1TVARA,Vitamin A as retinol activity equivalents (mcg)
DR1TVB6,Vitamin B6 (mg)
DR1TFOLA,Total folate (mcg)
DR1TFA,Folic acid (mcg)
DR1TCHL,Total choline (mg)
DR1TVB12,Vitamin B12 (mcg)
DR1TVC,Vitamin C (mg)
DR1TVD,Vitamin D (D2 + D3) (mcg)
DR1TVK,Vitamin K (mcg)
DR1TCALC,Calcium (mg)
DR1TPHOS,Phosphorus (mg)
DR1TMAGN,Magnesium (mg)
DR1TIRON,Iron (mg)
DR1TZINC,Zinc (mg)
DR1TSODI,Sodium (mg)
DR1TPOTA,Potassium (mg)
PEASCST1,Blood Pressure Status
BPXPTY,Pulse type
BMXWT,Weight (kg)
BMXBMI,Body Mass Index (kg/m**2)
CSQ190,"During the past 12 months, {have you/has SP} experienced a problem with {your/his/her} general health, work or {your/his/her} enjoyment of life because of a problem with {your/his/her) ability to taste or smell?"
CSQ200,"During the past 12 months, {have you/has SP} had any of the following ...a head cold or flu for longer than a month?"
CSQ202,"During the past 12 months, {have you/has SP} had any of the following ... persistent dry mouth (not enough saliva)?"
CSQ204,"During the past 12 months, {have you/has SP} had any of the following ...frequent nasal congestion from allergies?"
DID040,How old {was SP/were you} when a doctor or other health professional first told {you/him/her} that {you/he/she} had diabetes or sugar diabetes?
DIQ160,"{Have you/Has SP} ever been told by a doctor or other health professional that {you have/SP has} any of the following: prediabetes, impaired fasting glucose, impaired glucose tolerance, borderline diabetes or that {your/her/his} blood sugar is higher than normal but not high enough to be called diabetes or sugar diabetes?"
MCQ080,Has a doctor or other health professional ever told {you/SP} that {you were/s/he/SP was} overweight?
MCQ082,"Has a doctor or other health professional ever told {you/SP} that {you have/s/he/SP has} celiac (sele-ak) disease, also called or sprue (sproo)?"
OSQ060,"Has a doctor ever told {you/SP} that {you/s/he} had osteoporosis, sometimes called thin or brittle bones?"
PAQ610,"In a typical week, on how many days {do you/does SP} do vigorous-intensity activities as part of {your/his/her} work?"
PAD615,How much time {do you/does SP} spend doing vigorous-intensity activities at work on a typical day?
WHD110,"How much did {you/SP} weigh 10 years ago? [If you don't know {your/his/her} exact weight, please make your best guess.]"
WHD120,"How much did {you/SP} weigh at age 25? [If you don't know {your/his/her} exact weight, please make your best guess.] If ( you were/she was) pregnant, how much did (you/she) weigh before (your/her) pregnancy?"